CODICE,x,y,z,COMUNE,INFO,PROVINCIA,SETTORE,STRAT.,FALDA,ORIGINE
0150050010,1495936.0,5028883.0,123.16,ALBAIRATE,C.na Faustina PRIV.,MI - Par.,15.0,,1,PTUA2003
0150070002,1488407.0,5043208.0,153.87,ARCONATE,via Turati,MI,10.0,,,PTUA2003
0150090004,1504650.0,5045148.0,149.23,ARESE,C.na Valera II,,,,,PTUA2003
0150090032,1506861.0,5042594.0,152.19,ARESE,Industrie,,,,,PTUA2003
0150090035,1505759.0,5044226.0,166.0,ARESE,Platani,,,,,PTUA2003
0150110002,1509950.0,5028450.0,103.25,ASSAGO,via Roma II - serb.,,,,,PTUA2003
0150110058,1510350.0,5028205.0,107.8,ASSAGO,Dalla Chiesa,,,,,PTUA2003
0150110059,1510350.0,5028205.0,107.8,ASSAGO,v.Dalla Chiesa piez,,,,,PTUA2003
0150130002,1510160.0,5055880.0,179.91,BARLASSINA,p.za Cavour,,,,,PTUA2003
0150140004,1536076.0,5047733.0,170.91,BASIANO,Serbatoio,,,,,PTUA2003
0150150001,1512870.0,5021820.0,96.7,BASIGLIO,p.za M.Rossi-Chiesa,MI - Città,19.0,X,1,PTUA2003
0150150005,1512090.0,5023725.0,100.0,BASIGLIO,Vivaldi,MI - Città,19.0,X,3,PTUA2003
0150170002,1532607.0,5051591.0,181.17,BELLUSCO,p.za Fumagalli,,,,,PTUA2003
0180140001,1501810.0,5011415.0,94.3,BEREGUARDO,via Negri,,,,,PTUA2003
0150180001,1531802.0,5054950.0,196.68,BERNAREGGIO,p.za Repubblica,,,,,PTUA2003
0150190001,1486570.0,5037860.0,139.53,BERNATE TICINO,v.Pellico-Casate,MI - Par.,15.0,X,1,PTUA2003
0980020002,1552858.0,5009264.0,46.44,BERTONICO,via Garibaldi,LO,24.0,X,2,PTUA2003
0150240004,1507371.0,5020189.0,99.98,BINASCO,Binaschino,,,,,PTUA2003
0150270003,1510995.0,5045425.0,134.04,BOLLATE,C.na Nuova-Caracciolo,,,,,PTUA2003
0150270001,1509260.0,5043610.0,130.18,BOLLATE,via A.da Bollate-serb.,,,,,PTUA2003
0980040007,1539108.0,5004665.0,53.0,BORGHETTO,LODIGIANO Casoni 3,,,,,PTUA2003
0150320001,1515240.0,5041885.0,115.86,BRESSO,via Don Vercesi,,,,,PTUA2003
0150340123,1523293.0,5042878.0,139.0,BRUGHERIO,FEM V. Volano,,,,,PTUA2003
0150340005,1524850.0,5044860.0,128.39,BRUGHERIO,v.S.Francesco,,,,,PTUA2003
0150350003,1501102.0,5019562.0,104.19,BUBBIANO,v. Noè,MI - Par.,19.0,X,3,PTUA2003
0150360006,1507897.0,5028482.0,106.76,BUCCINASCO,Rovido,,,,,PTUA2003
0150360002,1508477.0,5029887.0,107.39,BUCCINASCO,v. Lario,MI - Par.,19.0,X,2,PTUA2003
0150420002,1501581.0,5019920.0,104.25,CALVIGNASCO,Municipio,,,,,PTUA2003
0980070001,1556980.0,5006056.0,47.85,CAMAIRAGO,via 4 Novembre,,,,,PTUA2003
0150480015,1517795.0,5058469.0,212.95,CARATE BRIANZA,Villa-via all'Isola,,,,,PTUA2003
0150490001,1529550.0,5055100.0,191.03,CARNATE,via Pace - serb.,,,,,PTUA2003
0150490021,1529290.0,5054175.0,215.23,CARNATE,Grandi nuovo,,,,,PTUA2003
0150490019,1529290.0,5054175.0,215.23,CARNATE,Grandi x Usmate,,,,,PTUA2003
0150500002,1521237.0,5020702.0,92.16,CARPIANO DELLE ARTI,,,,,,PTUA2003
0150510004,1527899.0,5044408.0,124.9,CARUGATE,C.na Valera,,,,,PTUA2003
0980100003,1550786.0,5003618.0,54.95,CASALPUSTERLENGO,via Cadorna,,,,,PTUA2003
0980110001,1562239.0,4994652.0,45.34,CASELLE LANDI,via Roma I,,,,,PTUA2003
0150590001,1540400.0,5041280.0,112.69,CASSANO D'ADDA,Muzza I-5 Martiri,MI - Città,18.0,,1,PTUA2003
0150610001,1493070.0,5030100.0,122.0,CASSINETTA DI LUGAGNANO,via Pace-serb.,,,,,PTUA2003
0980130001,1568202.0,4995450.0,36.1,CASTELNUOVO BOCCA D'ADDA,via Cairoli serb.,,,,,PTUA2003
0980150003,1530789.0,5012188.0,67.95,CASTIRAGA VIDARDO,C.na Pollarana,,,,,PTUA2003
0980170003,1547241.0,5014694.0,70.73,CAVENAGO D'ADDA,v.Valsecchi serb.,LO,21.0,X,1,PTUA2003
0980170064,1544810.0,5014760.0,73.0,CAVENAGO D'ADDA,Soltarico,LO,21.0,,,PTUA2003
0150680002,1532390.0,5048020.0,142.43,CAVENAGO BRIANZA,p.za Libertà - serb.,,,,,PTUA2003
0150700004,1526360.0,5041939.0,119.57,CERNUSCO SUL NAVIGLIO,v. Verdi,,,,,PTUA2003
0980180001,1533303.0,5024632.0,81.68,CERVIGNANO D'ADDA,p.za Caduti,LO,21.0,X,1,PTUA2003
0150740007,1507180.0,5032490.0,120.48,CESANO BOSCONE,v.Picozzi,,,,,PTUA2003
0150760001,1505534.0,5048445.0,159.88,CESATE,Vill.INA,,,,,PTUA2003
0150760010,1505534.0,5048445.0,161.53,CESATE,Vill.INA p spia,,,,,PTUA2003
0150760003,1506301.0,5049212.0,160.2,CESATE,v.Caravaggio-serb,,,,,PTUA2003
0150770004,1517130.0,5043632.0,120.1,CINISELLO BALSAMO,via Canzio I,,,,,PTUA2003
0150770018,1517120.0,5045500.0,125.75,CINISELLO BALSAMO,via Paisiello,,,,,PTUA2003
0150770073,1517875.0,5045125.0,128.85,CINISELLO BALSAMO,via Petrella,MI - MONZA,13.0,,,PTUA2003
0150770022,1519400.0,5044677.0,150.0,CINISELLO BALSAMO,Galilei,,,,,PTUA2003
0150770023,1519400.0,5044677.0,150.0,CINISELLO BALSAMO,Galilei,MI - MONZA,13.0,X,3,PTUA2003
0150770006,1518408.0,5044351.0,150.04,CINISELLO BALSAMO,v.Matteotti,,,,,PTUA2003
0150780002,1499356.0,5032255.0,124.78,CISLIANO,v.Vitt.Veneto-serb.,,,,,PTUA2003
0150810004,1521480.0,5042960.0,119.53,COLOGNO MONZESE,v.Levi-Lombardia,,,,,PTUA2003
0150810069,1522264.0,5042813.0,138.53,COLOGNO MONZESE,v.Paganini,,,,,PTUA2003
0980200001,1536534.0,5032132.0,93.02,COMAZZO,p.za Caduti,LO,21.0,X,2,PTUA2003
0150840002,1525400.0,5046340.0,137.97,CONCOREZZO,S.P.13 Malcantone,MI,9.0,,,PTUA2003
0150840024,1526728.0,5049528.0,,CONCOREZZO,v.Pascoli,,,,,PTUA2003
0150850004,1494180.0,5034180.0,132.09,CORBETTA,v.Veneto x Batuello,MI - Par.,15.0,X,1,PTUA2003
0150850002,1493533.0,5035152.0,139.86,CORBETTA,v.Oberdan,,,,,PTUA2003
0150860002,1512580.0,5043085.0,121.54,CORMANO,via Somalia,,,,,PTUA2003
0150870001,1501530.0,5037775.0,136.84,CORNAREDO,Campo Sportivo I,MI - Par.,16.0,,1,PTUA2003
0150870003,1501081.0,5036901.0,134.57,CORNAREDO,v.Marconi,,,,,PTUA2003
0980230001,1562792.0,5056473.0,40.29,CORNOVECCHIO,Municipio,,,,,PTUA2003
0150920001,1523496.0,5056835.0,214.84,CORREZZANA,via S.Francesco,,,,,PTUA2003
0150920003,1523723.0,5056321.0,247.15,CORREZZANA,v.Fermi,MI - MONZA,4.0,X,3,PTUA2003
0150960014,1485070.0,5040190.0,147.96,CUGGIONO,via Somma-Zucchi,,,,,PTUA2003
0150970003,1502660.0,5033450.0,127.1,CUSAGO,v.Cervi fino a 5/99 p.1,MI - Par.,16.0,X,3,PTUA2003
0150980004,1513764.0,5043930.0,159.29,CUSANO MILANINO,p.Italia,,,,,PTUA2003
0150980028,1514126.0,5044416.0,152.11,CUSANO MILANINO,v.Pedretti,,,,,PTUA2003
0151000003,1516295.0,5051936.0,146.19,DESIO,via Torricelli,MI - MONZA,8.0,X,1,PTUA2003
0980260002,1554292.0,4998880.0,42.26,FOMBIO,via Giovanni XXIII,LO,24.0,X,2,PTUA2003
0151050002,1505950.0,5046890.0,153.19,GARBAGNATE,v.Varese I-scuole,,,,,PTUA2003
0180700001,1527575.0,5002880.0,72.5,GENZONE,via Cairoli,,,,,PTUA2003
0151060008,1534449.0,5044895.0,128.3,GESSATE,p.za Aturia,MI-Città,14.0,,1,PTUA2003
0180720001,1511200.0,5014410.0,91.2,GIUSSAGO,v.25 aprile-scuola,,,,,PTUA2003
0151080002,1532076.0,5042266.0,121.42,GORGONZOLA,v. Manzoni,,,,,PTUA2003
0980280001,1535471.0,5006700.0,64.27,GRAFFIGNANA,via Milano - serb.,LO,23.0,X,2,PTUA2003
0151100001,1538450.0,5048995.0,138.31,GREZZAGO,via Roma-serb.,,,,,PTUA2003
0151120002,1499888.0,5024427.0,110.35,GUDO VISCONTI,v.Montegrappa,,,,,PTUA2003
0151150001,1510746.0,5019039.0,92.74,LACCHIARELLA,v.Trento,,,,,PTUA2003
0151160009,1502320.0,5047210.0,180.0,LAINATE,Caronasca,,,,,PTUA2003
0151160008,1502330.0,5047200.0,180.0,LAINATE,Caronasca,MI - Par.,11.0,X,2,PTUA2003
0180780001,1520470.0,5017665.0,85.5,LANDRIANO,p.za Marconi,,,,,PTUA2003
0151170003,1506590.0,5058730.0,188.9,LAZZATE,v.S.Lorenzo-serb.,,,,,PTUA2003
0151170001,1506710.0,5057630.0,185.21,LAZZATE,Chiesa,,,,,PTUA2003
0151190001,1509520.0,5058340.0,192.31,LENTATE,via S.Vito-Chiesa,,,,,PTUA2003
0151250001,1517340.0,5022650.0,89.62,LOCATE TRIULZI,p.Gramsci,MI - Città,20.0,X,2,PTUA2003
0151250004,1517730.0,5022245.0,94.7,LOCATE TRIULZI,v.Nenni,,,,,PTUA2003
0980320002,1532570.0,5016525.0,74.23,LODIVECCHIO,via Cabrini-serb.,LO,21.0,X,2,PTUA2003
0980330001,1567299.0,4999597.0,38.85,MACCASTORNA,via Roma,LO,24.0,X,2,PTUA2003
0151300021,1489910.0,5035170.0,134.21,MAGENTA,via Piemonte-Nova C.,,,,,PTUA2003
0980350002,1560100.0,5001920.0,44.76,MALEO,p.za 25 Aprile,LO,24.0,X,1,PTUA2003
0151340001,1490207.0,5037106.0,139.53,MARCALLO CON CASONE,via dell'Acquedotto,,,,,PTUA2003
0151340046,1490290.0,5037075.0,138.34,MARCALLO CON CASONE,via Clerici 4/5/6,,,,,PTUA2003
0151340004,1490290.0,5037075.0,137.44,MARCALLO CON CASONE,via Clerici 4/5/6,MI - Par.,10.0,X,3,PTUA2003
0codice_mancante_1,1537385.0,5045310.0,150.0,MASATE,v.Bergamasca,,,,,PTUA2003
0151360003,1526600.0,5028740.0,92.04,MEDIGLIA,v.Stephenson,,,,,PTUA2003
0151390001,1534749.0,5052944.0,177.99,MEZZAGO,via Unione,MI - Città,18.0,X,2,PTUA2003
0151450001,1518330.0,5029870.0,105.0,MILANO,AMSA via Dionigi,MI,9.0,,,PTUA2003
0151460000,1518330.0,5029870.0,105.0,MILANO,AMSA via Dionigi,,,,,PTUA2003
0D151460000,1535650.0,5001980.0,71.5,MIRADOLO TERME,via Baratti,,,,,PTUA2003
0180930002,1535877.0,5019968.0,71.24,MONTANASO LOMBARDO,Comune,,,,,PTUA2003
0980400001,1522947.0,5051402.0,166.86,MONZA,Parco-Golf Club,,,,,PTUA2003
0151490142,1521145.0,5046503.0,130.47,MONZA,Garbagnati via Val d'Ossola,,,,,PTUA2003
0151500013,1497395.0,5018890.0,106.5,MORIMONDO,C.na Fallavecchia,MI - Par.,19.0,,2,PTUA2003
0151520030,1517175.0,5045310.0,135.46,MUGGIÒ,pozzo Impianto Pilota,,,,,PTUA2003
0980410001,1531414.0,5024506.0,84.74,MULAZZANO,via Lago Maggiore,,,,,PTUA2003
0151540003,1498550.0,5044810.0,154.6,NERVIANO,via Chinotto-serb.II,,,,,PTUA2003
0151540064,,,,NERVIANO,Cantone 64,,,,,PTUA2003
0151540065,1498320.0,5043055.0,166.0,NERVIANO,Cantone 65,MI - Par.,11.0,X,3,PTUA2003
0151540066,,,,NERVIANO,Cantone piez,,,,,PTUA2003
0151540007,1497539.0,5044446.0,174.58,NERVIANO PASUBIO,sopra,,,,,PTUA2003
0D151540007,1497539.0,5044446.0,174.58,NERVIANO PASUBIO,sotto,,,,,PTUA2003
0151560024,1514995.0,5048680.0,138.04,NOVA MILANESE,via Grandi,,,,,PTUA2003
0151570002,1510867.0,5042285.0,121.6,NOVATE MILANESE,via Manzoni-serb.II,,,,,PTUA2003
0151590004,1516913.0,5027004.0,93.62,OPERA,Mirasole,,,,,PTUA2003
0980420003,1543820.0,5000952.0,51.5,ORIO LITTA,via Pio Rossi,LO,24.0,X,1,PTUA2003
0151640003,1492289.0,5039131.0,146.23,OSSONA,via 25 Aprile-Marconi,,,,,PTUA2003
0151650025,1494215.0,5023750.0,107.5,OZZERO,v.25 Aprile-Faraon,MI,19.0,,,PTUA2003
0151660003,1512878.0,5046812.0,133.78,PADERNO DUGNANO,via S.M.del Carso,,,,,PTUA2003
0151660007,1514450.0,5046495.0,131.61,PADERNO DUGNANO,Calderara,,,,,PTUA2003
0151660019,1513210.0,5047990.0,172.0,PADERNO DUGNANO,v.Galli,,,,,PTUA2003
0151670001,1527170.0,5032050.0,97.39,PANTIGLIATE,v.D'Annunzio,MI - Città,18.0,,2,PTUA2003
0181100101,1508425.0,5007685.0,85.3,PAVIA,C.na Montebello,,,,,PTUA2003
0151700005,1506621.0,5039129.0,139.87,PERO,Bergamina,,,,,PTUA2003
0151710024,1522950.0,5032800.0,102.2,PESCHIERA BORROMEO,Depuratore,,,,,PTUA2003
0151710197,1522946.0,5032854.0,105.61,PESCHIERA BORROMEO,FEM Mezzate,MI - Città,17.0,,1,PTUA2003
0980450001,1535548.0,5013741.0,72.89,PIEVE FISSIRAGA,C.na S.Antonio,,,,,PTUA2003
0181140002,1534790.0,4995405.0,54.7,PIEVE PORTO MORONE,via Repubblica,,,,,PTUA2003
0151750289,1525025.0,5036125.0,112.5,PIOLTELLO,FEM Limito,,,,,PTUA2003
0151750006,1525252.0,5038044.0,109.3,PIOLTELLO,via Pisa,,,,,PTUA2003
0151750008,1525340.0,5039735.0,126.16,PIOTELLO,S.Francesco,,,,,PTUA2003
0151750291+C132,1525340.0,5039735.0,126.16,PIOTELLO,S.Francesco piez.,,,,,PTUA2003
0151760002,1499485.0,5042120.0,162.5,POGLIANO MILANESE,Garibaldi,,,,,PTUA2003
0151790040,1499516.0,5042096.0,143.48,PREGNANA MILANESE,via Gallarate,,,,,PTUA2003
0151790005,1499516.0,5042096.0,140.68,PREGNANA MILANESE,via Gallarate,,,,,PTUA2003
0151810001,1496200.0,5051450.0,180.25,RESCALDINA,via Melzi-Comune I,MI - Par.,6.0,X,1,PTUA2003
0151820106,1503760.0,5039860.0,138.59,RHO,Alumix spa via S.Martino,MI - Par.,11.0,,1,PTUA2003
0151830028,1482745.0,5041027.0,144.3,ROBECCHETTO CON INDUNO,via Don Pozzi,,,,,PTUA2003
0151840023,1488730.0,5030170.0,107.78,ROBECCO SUL NAVIGLIO,C.na Visconta,,,,,PTUA2003
0151850001,1528061.0,5035495.0,103.16,RODANO,via S.Pellico,,,,,PTUA2003
0151850004,1528135.0,5035520.0,110.5,RODANO,via S.Pellico,MI - Città,17.0,X,3,PTUA2003
0151860001,1535790.0,5049790.0,158.39,RONCELLO,S.Ambrogio-serb.,MI - MONZA,9.0,X,2,PTUA2003
0151870001,1531348.0,5057132.0,210.11,RONCO BRIANTINO,via Mandelli-serb.,,,,,PTUA2003
0151880001,1501271.0,5021782.0,105.59,ROSATE,p.za Vitt.Veneto,,,,,PTUA2003
0151890001,1511429.0,5024772.0,103.4,ROZZANO,via Matteotti,,,,,PTUA2003
0980500005,1532041.0,5007048.0,68.25,SANT'ANGELO LODIGIANO,fraz.Ranera,LO,23.0,X,1,PTUA2003
0151910009,1539965.0,5001295.0,55.45,SAN COLOMBANO AL LAMBRO,Mostiola,,,,,PTUA2003
0181390002,1531095.0,5000710.0,70.0,SANTA CRISTINA E BISSONE,via Milano,,,,,PTUA2003
0151920005,1520822.0,5030727.0,103.19,SAN DONATO,v.A.Moro,,,,,PTUA2003
0151950007,1519358.0,5026813.0,95.41,SAN GIULIANO,Maroncelli,,,,,PTUA2003
0151950012,1520795.0,5027435.0,99.0,SAN GIULIANO,v. Liberazione,,,,,PTUA2003
0151950015,1523855.0,5025495.0,93.5,SAN GIULIANO,v.Tolstoy,,,,,PTUA2003
0980480003,1541478.0,5013387.0,70.16,SAN MARTINO IN STRADA,via F.Aporti-serb.,,,,,PTUA2003
0980490001,1554770.0,4992220.0,43.59,SAN ROCCO AL PORTO,via Acquedotto,LO,24.0,X,1,PTUA2003
0152040003,1497800.0,5037160.0,138.03,SEDRIANO,via Fagnani,MI,16.0,,,PTUA2003
0152050140,1523055.0,5035090.0,111.0,SEGRATE,Idroscalo,MI - Città,17.0,X,2,PTUA2003
0152050007,1521059.0,5038729.0,121.76,SEGRATE,Milano 2,,,,,PTUA2003
0152060004,1510324.0,5047248.0,169.78,SENAGO,v. Adda,MI - Par.,12.0,X,2,PTUA2003
0980530003,1546645.0,4999934.0,47.89,SENNA,LODIGIANA via Acquedotto,,,,,PTUA2003
0152090017,1517310.0,5042250.0,116.29,SESTO SAN GIOVANNI,via Baracca,,,,,PTUA2003
0152090021,1519104.0,5042802.0,117.19,SESTO SAN GIOVANNI,via Italia,,,,,PTUA2003
0152090016,1520400.0,5044400.0,121.98,SESTO SAN GIOVANNI,via Tevere,MI - MONZA,13.0,,,PTUA2003
0152090014,1517917.0,5041639.0,114.37,SESTO SAN GIOVANNI,via Marelli,,,,,PTUA2003
0152100004,1530910.0,5030970.0,98.6,SETTALA,depuratore,MI - Città,17.0,X,1,PTUA2003
0152110005,1505114.0,5036454.0,132.82,SETTIMO MILANESE,v.Fermi,MI - Par.,16.0,,2,PTUA2003
0152130001,1505849.0,5051473.0,211.36,SOLARO,v. Drizza,,,,,PTUA2003
0152130021,1506695.0,5051430.0,208.0,SOLARO,v. S.Paolo,MI - Par.,7.0,X,3,PTUA2003
0152160005,1520190.0,5054875.0,174.26,SOVICO,Beta spa-via Volta,,,,,PTUA2003
0181520001,1527070.0,4997630.0,68.5,SPESSA,via delle Betulle,,,,,PTUA2003
0152170007,1533555.0,5053640.0,230.2,SULBIATE,4 novembre,,,,,PTUA2003
0152200001,1504740.0,5029600.0,113.21,TREZZANO SUL NAVIGLIO,via Edison,,,,,PTUA2003
0152210001,1540543.0,5051091.0,141.68,TREZZO SULL'ADDA,via Visconti,MI - Par.,19.0,X,1,PTUA2003
0152220001,1528826.0,5027968.0,94.78,TRIBIANO,Puccini,,,,,PTUA2003
0152230007,1521240.0,5055620.0,181.37,TRIUGGIO,via Kennedy,,,,,PTUA2003
0980580002,1548759.0,5010831.0,59.95,TURANO LODIGIANO,via 25 Aprile,,,,,PTUA2003
0980590001,1526403.0,5011526.0,72.35,VALERA FRATTA,serb.scuola materna,,,,,PTUA2003
0181690010,1517310.0,5000450.0,64.1,VALLE SALIMBENE,C.na Moncucca,,,,,PTUA2003
0152490002,1483170.0,5047350.0,164.42,VANZAGHELLO,via Roma II,,,,,PTUA2003
0152490004,1482365.0,5046720.0,191.5,VANZAGHELLO,C.La Fogna,,,,,PTUA2003
0152490020,1482365.0,5046720.0,191.5,VANZAGHELLO,C.La Fogna piez,,,,,PTUA2003
0152300003,1540700.0,5046980.0,129.08,VAPRIO D'ADDA,via Pozzo-serb.,,,,,PTUA2003
0152340016,1518620.0,5059065.0,183.11,VERANO BRIANZA,via Sabbionette,,,,,PTUA2003
0152350001,1498622.0,5026499.0,113.52,VERMEZZO,via Dante,MI - Par.,19.0,X,2,PTUA2003
0152360003,1506074.0,5019418.0,100.79,VERNATE,Pasturago,MI - Città,17.0,X,2,PTUA2003
0181800003,1526970.0,5009965.0,77.0,VILLANTERIO,fraz.Bolognola,,,,,PTUA2003
0152410041,1528045.0,5053045.0,180.79,VIMERCATE,IBM pozzo E,MI - MONZA,9.0,,,PTUA2003
0152420041,1521660.0,5039578.0,114.2,VIMODRONE,FEM v.La Torre,,,,,PTUA2003
